NOSE_X,NOSE_Y,LEFT_EYE_INNER_X,LEFT_EYE_INNER_Y,LEFT_EYE_X,LEFT_EYE_Y,LEFT_EYE_OUTER_X,LEFT_EYE_OUTER_Y,RIGHT_EYE_INNER_X,RIGHT_EYE_INNER_Y,RIGHT_EYE_X,RIGHT_EYE_Y,RIGHT_EYE_OUTER_X,RIGHT_EYE_OUTER_Y,LEFT_EAR_X,LEFT_EAR_Y,RIGHT_EAR_X,RIGHT_EAR_Y,MOUTH_LEFT_X,MOUTH_LEFT_Y,MOUTH_RIGHT_X,MOUTH_RIGHT_Y,LEFT_SHOULDER_X,LEFT_SHOULDER_Y,RIGHT_SHOULDER_X,RIGHT_SHOULDER_Y,LEFT_ELBOW_X,LEFT_ELBOW_Y,RIGHT_ELBOW_X,RIGHT_ELBOW_Y,LEFT_WRIST_X,LEFT_WRIST_Y,RIGHT_WRIST_X,RIGHT_WRIST_Y,LEFT_PINKY_X,LEFT_PINKY_Y,RIGHT_PINKY_X,RIGHT_PINKY_Y,LEFT_INDEX_X,LEFT_INDEX_Y,RIGHT_INDEX_X,RIGHT_INDEX_Y,LEFT_THUMB_X,LEFT_THUMB_Y,RIGHT_THUMB_X,RIGHT_THUMB_Y,LEFT_HIP_X,LEFT_HIP_Y,RIGHT_HIP_X,RIGHT_HIP_Y,LEFT_KNEE_X,LEFT_KNEE_Y,RIGHT_KNEE_X,RIGHT_KNEE_Y,LEFT_ANKLE_X,LEFT_ANKLE_Y,RIGHT_ANKLE_X,RIGHT_ANKLE_Y,LEFT_HEEL_X,LEFT_HEEL_Y,RIGHT_HEEL_X,RIGHT_HEEL_Y,LEFT_FOOT_INDEX_X,LEFT_FOOT_INDEX_Y,RIGHT_FOOT_INDEX_X,RIGHT_FOOT_INDEX_Y,label
0.4789826869964599,0.2440219968557357,0.4856068193912506,0.2321495711803436,0.4901857376098633,0.2323364168405532,0.4946333467960357,0.2328855246305465,0.4728595316410064,0.2329121679067611,0.4688146710395813,0.2336208820343017,0.4654479622840881,0.2345489710569381,0.5008669495582581,0.2425412237644195,0.4621688723564148,0.2445883750915527,0.4890841543674469,0.2623552680015564,0.4723564088344574,0.2629255652427673,0.5317343473434448,0.3331186175346374,0.4355464577674866,0.3403356969356537,0.5585783123970032,0.4397040009498596,0.4401392042636871,0.4181029200553894,0.5620267391204834,0.5436972379684448,0.4735910892486572,0.3096982538700104,0.5667586922645569,0.5748191475868225,0.4777223467826843,0.2815181612968445,0.5606212615966797,0.5776086449623108,0.4752684533596039,0.2753476500511169,0.5552239418029785,0.5679915547370911,0.4746666550636291,0.2840338945388794,0.5209721922874451,0.5512301325798035,0.4599670767784118,0.5536106824874878,0.5230026841163635,0.7090365290641785,0.4557991921901703,0.713455319404602,0.5335715413093567,0.839230477809906,0.4625628590583801,0.8402425646781921,0.5313500165939331,0.8507480025291443,0.4705488681793213,0.8511055111885071,0.529586136341095,0.8919366002082825,0.4634146094322204,0.8983535766601562,normal_p_droite
0.4704297482967376,0.2413242161273956,0.4772326052188873,0.2291927188634872,0.4820498526096344,0.2293383479118347,0.4864351749420166,0.2296971976757049,0.4645199179649353,0.2300209105014801,0.4608718454837799,0.2306613624095916,0.4575612545013428,0.2316273748874664,0.4933627545833587,0.2400646805763244,0.4546623229980469,0.2424066811800003,0.48040571808815,0.2605477273464203,0.4641883969306946,0.2608055770397186,0.5235873460769653,0.3316936492919922,0.4285694062709808,0.3371942341327667,0.5505214333534241,0.4433402419090271,0.4297305643558502,0.4098666906356811,0.5597912073135376,0.5460336804389954,0.4612302184104919,0.3060766756534576,0.5640301704406738,0.5752888917922974,0.4672056138515472,0.2816360592842102,0.5596900582313538,0.577141523361206,0.4642368257045746,0.2762778103351593,0.5549181699752808,0.5678908824920654,0.4633284211158752,0.2848716378211975,0.5135446786880493,0.5545641779899597,0.4501709938049316,0.5561766028404236,0.5180324912071228,0.7232049703598022,0.4472320079803467,0.7239698171615601,0.5328100919723511,0.8536266088485718,0.459019124507904,0.8434980511665344,0.5298051834106445,0.8642460107803345,0.4675787985324859,0.8541867733001709,0.542190670967102,0.908774435520172,0.4627763628959656,0.901434361934662,normal_p_droite
0.5192292332649231,0.2401082664728164,0.5265704393386841,0.2264832109212875,0.5312805771827698,0.2264595925807953,0.5355104207992554,0.2267094254493713,0.512877881526947,0.2279658615589141,0.5086716413497925,0.2288428843021392,0.5047358274459839,0.2300389260053634,0.5438343286514282,0.2359668612480163,0.5032861828804016,0.2405741959810257,0.5306543111801147,0.2588337063789367,0.513896644115448,0.2624723613262176,0.5796269178390503,0.3306130766868591,0.4867098331451416,0.3337134420871734,0.6003339290618896,0.442710816860199,0.4768905639648437,0.4112057983875274,0.6068228483200073,0.556615948677063,0.5109151005744934,0.3113967776298523,0.6054660081863403,0.5873369574546814,0.5159553289413452,0.2827944457530975,0.6009229421615601,0.5893496870994568,0.5149758458137512,0.2764493227005005,0.5984011888504028,0.5795862078666687,0.5139287114143372,0.286216527223587,0.5570769309997559,0.5560070276260376,0.4948268532752991,0.5516508221626282,0.5502290725708008,0.7215353846549988,0.4696244299411773,0.7200073599815369,0.5420545339584351,0.864267110824585,0.4627431035041809,0.8446406722068787,0.5383400321006775,0.874214231967926,0.4658491611480713,0.8557599782943726,0.5381836295127869,0.9188005924224854,0.4632083773612976,0.9021422863006592,normal_p_droite
0.4666840136051178,0.237119048833847,0.4733427166938782,0.2242345064878463,0.4780538976192474,0.2243275791406631,0.4827902913093567,0.2246613204479217,0.4616920351982116,0.2252887636423111,0.4580848217010498,0.2260234206914901,0.4544110894203186,0.22698974609375,0.491293728351593,0.2349272221326828,0.4511775374412536,0.2372093945741653,0.4757780134677887,0.2564148008823395,0.4612268805503845,0.2566983103752136,0.5218262672424316,0.3332405984401703,0.4292787611484527,0.3359019458293915,0.5394417643547058,0.4546014368534088,0.4211391806602478,0.419425755739212,0.5502219796180725,0.5645666122436523,0.4507316946983337,0.3204212188720703,0.5537701845169067,0.5945465564727783,0.4566802084445953,0.2910866141319275,0.5478602051734924,0.5960368514060974,0.4548937380313873,0.2816951870918274,0.5425241589546204,0.5856935977935791,0.4541013836860657,0.2915708720684051,0.5036633610725403,0.5621560215950012,0.4453230500221252,0.5635579824447632,0.5141375660896301,0.7287799119949341,0.4395195543766022,0.7327598333358765,0.532748281955719,0.8634794354438782,0.4531777501106262,0.8728465437889099,0.5307777523994446,0.8781623244285583,0.4636802077293396,0.8864705562591553,0.5379871726036072,0.9104573726654052,0.4492456018924713,0.9280396103858948,normal_p_droite
0.4582861065864563,0.2401144355535507,0.4651574492454529,0.2264997512102127,0.4698222279548645,0.2265421450138092,0.4743581712245941,0.2269561439752578,0.4531329572200775,0.2276683300733566,0.4494389593601227,0.2285201400518417,0.4458658099174499,0.2295589596033096,0.4819304347038269,0.2384380400180816,0.4427622258663177,0.2400235831737518,0.4676616191864013,0.2601202428340912,0.4525584578514099,0.2598669230937958,0.5123240947723389,0.335109531879425,0.4202374815940857,0.3388604819774627,0.5341004133224487,0.4546723961830139,0.4171023368835449,0.4190405309200287,0.5411723852157593,0.5634738206863403,0.4468306601047516,0.3199270069599151,0.5436826944351196,0.59234219789505,0.4471516609191894,0.2960330247879028,0.5391749143600464,0.5944138169288635,0.4489743113517761,0.2855653166770935,0.5337624549865723,0.5842488408088684,0.445572942495346,0.2960330843925476,0.4981322884559631,0.5645633339881897,0.4377038478851318,0.5675445199012756,0.5150880813598633,0.7332147359848022,0.4350308775901794,0.7343592047691345,0.5355799198150635,0.8756614923477173,0.4520574510097503,0.8741532564163208,0.5329951643943787,0.8892070055007935,0.4630226492881775,0.88883376121521,0.5477097630500793,0.9210026264190674,0.4472478032112121,0.930357038974762,normal_p_droite
0.4610788822174072,0.2382457107305526,0.4679847359657287,0.2242171615362167,0.4728582799434662,0.224179595708847,0.4775895476341247,0.2244932204484939,0.4545085430145263,0.2256505042314529,0.4502978324890136,0.2266748249530792,0.4466394484043121,0.2280164062976837,0.4847338795661926,0.2342436909675598,0.4433076381683349,0.2394781112670898,0.4722397923469543,0.2583827674388885,0.4544582366943359,0.2595061659812927,0.5191465616226196,0.3324969112873077,0.4206067621707916,0.3308890163898468,0.536862313747406,0.4516522288322449,0.4213697016239166,0.4217122793197632,0.5449382066726685,0.5578708052635193,0.4525869488716125,0.3187756836414337,0.5479641556739807,0.586209237575531,0.4583168029785156,0.2931013703346252,0.5417569875717163,0.586001455783844,0.4529555439949035,0.2839643359184265,0.5382640957832336,0.5765460133552551,0.452396959066391,0.2919377088546753,0.503485381603241,0.5649099349975586,0.4420857429504394,0.5673359632492065,0.5175083875656128,0.7399874329566956,0.4363139271736145,0.7349607944488525,0.5424377918243408,0.8808578848838806,0.4528550207614898,0.8759225606918335,0.5386515259742737,0.8911886215209961,0.4624671339988708,0.8898983001708984,0.5542854070663452,0.93858802318573,0.4459567666053772,0.934267282485962,normal_p_droite
0.5151251554489136,0.2293310463428497,0.5214865207672119,0.2183060199022293,0.5262922048568726,0.2186699360609054,0.5311889052391052,0.2192547619342804,0.5096743106842041,0.2187362611293792,0.5057384967803955,0.2193510681390762,0.5015964508056641,0.2202974110841751,0.5388334393501282,0.2294762879610061,0.4955850541591644,0.230715736746788,0.523651659488678,0.2487810254096985,0.5085939764976501,0.2477631866931915,0.5732191801071167,0.3284471929073334,0.4648518562316894,0.3270847201347351,0.5924087166786194,0.449258953332901,0.4642035365104675,0.4142197966575622,0.5988196134567261,0.5629000067710876,0.4975241720676422,0.3246382176876068,0.5990631580352783,0.5963132381439209,0.5054603219032288,0.294911116361618,0.5930195450782776,0.597420871257782,0.5015992522239685,0.2919735014438629,0.5898095965385437,0.5880523324012756,0.5020948648452759,0.3010541796684265,0.5450066328048706,0.5637853741645813,0.4792143702507019,0.5618590712547302,0.5424520373344421,0.7478232979774475,0.4766583442687988,0.7411144375801086,0.5501428246498108,0.8881368041038513,0.4875702857971191,0.889108419418335,0.5481163859367371,0.8981210589408875,0.4969917237758636,0.9028629064559937,0.5435864329338074,0.943111002445221,0.4818819463253021,0.949158489704132,normal_p_droite
0.5050474405288696,0.228244811296463,0.5122503042221069,0.2170129865407943,0.5172593593597412,0.2174612134695053,0.5220736265182495,0.2181005179882049,0.4994539618492126,0.2172695994377136,0.4953514039516449,0.2178976833820343,0.4910325109958648,0.2188498675823211,0.5299867987632751,0.2286923229694366,0.4863604009151459,0.2299060225486755,0.5149831175804138,0.248319461941719,0.4981268346309662,0.2473248392343521,0.5625916719436646,0.3290486931800842,0.456458032131195,0.3257748484611511,0.5766249299049377,0.4518356919288635,0.456708014011383,0.4156567752361297,0.5811437368392944,0.5649251937866211,0.4930163025856018,0.3213257193565368,0.5812314748764038,0.5981277227401733,0.5036746859550476,0.2898208200931549,0.5770534873008728,0.5996058583259583,0.4993481636047363,0.286981999874115,0.574181318283081,0.5894772410392761,0.4981507658958435,0.2932567000389099,0.5345777869224548,0.5647985339164734,0.4705289304256439,0.5660310387611389,0.528188169002533,0.7526635527610779,0.475182294845581,0.7451244592666626,0.541091799736023,0.8884322047233582,0.4917089343070984,0.8893464803695679,0.5424942970275879,0.8975807428359985,0.5009738206863403,0.9026801586151124,0.5321929454803467,0.9436466693878174,0.4858431220054626,0.9511484503746032,normal_p_droite
0.499824583530426,0.2307958751916885,0.5067840218544006,0.2186608016490936,0.5117888450622559,0.218781441450119,0.5164247155189514,0.2192466408014297,0.4936549067497253,0.2197141051292419,0.4901989996433258,0.2204394340515136,0.4863966405391693,0.2213530540466308,0.5240527987480164,0.2298900336027145,0.4828600287437439,0.2316453009843826,0.5105148553848267,0.2498298585414886,0.4928270280361175,0.2498721182346344,0.5587865114212036,0.3323260545730591,0.4522402882575989,0.3291807472705841,0.5777930617332458,0.4533323943614959,0.4519320428371429,0.4196440279483795,0.5804964303970337,0.5671514868736267,0.4933004975318908,0.3123357594013214,0.5818807482719421,0.598281979560852,0.502040684223175,0.2882896065711975,0.5768678188323975,0.5995408892631531,0.4969927668571472,0.2785133719444275,0.5726342797279358,0.5895427465438843,0.4941481649875641,0.2871346771717071,0.5309170484542847,0.5644780993461609,0.4686784744262695,0.5654988884925842,0.5255128145217896,0.7508659362792969,0.4719172418117523,0.7475443482398987,0.5308868288993835,0.8935772776603699,0.492742121219635,0.8915881514549255,0.5309916138648987,0.9047480225563048,0.4990066587924957,0.9027560949325562,0.5234867334365845,0.9420156478881836,0.4883347153663635,0.9498873353004456,normal_p_droite
0.4997711181640625,0.2316896766424179,0.5069690942764282,0.2192661166191101,0.5120537877082825,0.2192498296499252,0.5166293382644653,0.2196743786334991,0.4931482672691345,0.221037670969963,0.4894256591796875,0.2219261825084686,0.4860202670097351,0.2228413373231887,0.524037778377533,0.230445995926857,0.4825174808502197,0.233003094792366,0.511002779006958,0.2508285343647003,0.4924765229225158,0.2518630623817444,0.557733952999115,0.3318724632263183,0.4527825713157654,0.3288771510124206,0.5763857960700989,0.453594833612442,0.4558838307857513,0.414501816034317,0.5796712636947632,0.5669132471084595,0.4945951402187347,0.303453654050827,0.5813027620315552,0.5983444452285767,0.502507209777832,0.2791171073913574,0.5761101841926575,0.6000708937644958,0.4971454739570617,0.270398885011673,0.5718004703521729,0.5898458957672119,0.4950820505619049,0.2794511020183563,0.5317705273628235,0.5609732866287231,0.4694699347019195,0.5628542304039001,0.5251235961914062,0.7496798038482666,0.4724161624908447,0.7451076507568359,0.5310990214347839,0.895221471786499,0.4936991333961487,0.8922604918479919,0.5320430397987366,0.9061583280563354,0.4992686808109283,0.9040351510047911,0.5231291651725769,0.9429319500923156,0.4881855547428131,0.9497432708740234,normal_p_droite
0.5004851818084717,0.2312998920679092,0.5077375769615173,0.2187624722719192,0.5126487016677856,0.2187497466802597,0.5174555778503418,0.2191558182239532,0.4935359358787536,0.2204141914844513,0.4891655445098877,0.221376746892929,0.4858900010585785,0.2224812656641006,0.5244948267936707,0.2293573915958404,0.4831156134605407,0.233207881450653,0.5127627849578857,0.2507598400115967,0.4933382868766784,0.2526143491268158,0.5612297654151917,0.3286980092525482,0.4578982889652252,0.3274908363819122,0.5801939368247986,0.44625324010849,0.4596261382102966,0.4097423553466797,0.5822728276252747,0.5612716674804688,0.4959654808044433,0.3074351847171783,0.584383487701416,0.5922105312347412,0.5033421516418457,0.2835204005241394,0.5781632661819458,0.5937784314155579,0.4999827444553375,0.2738517522811889,0.5741787552833557,0.5849422216415405,0.4985021650791168,0.2831921577453613,0.5355016589164734,0.5598517656326294,0.4725877642631531,0.5604955554008484,0.5265716910362244,0.7548235654830933,0.4728509783744812,0.7468958497047424,0.5306680798530579,0.8931908011436462,0.4907042980194092,0.8923069834709167,0.5312508940696716,0.9024646878242492,0.4965859353542328,0.9031592607498168,0.5214887857437134,0.9437794089317322,0.4862214922904968,0.9527369141578674,normal_p_droite
0.4485785067081451,0.2298846244812011,0.4552549421787262,0.2169964909553527,0.4603758454322815,0.2168491780757904,0.4651459157466888,0.2169491797685623,0.4422513842582702,0.2184915244579315,0.4385994970798492,0.2194829136133194,0.4345226883888244,0.2207996249198913,0.473383754491806,0.2265996783971786,0.4315482676029205,0.2327902317047119,0.45947927236557,0.2491338551044464,0.4426186978816986,0.2498971819877624,0.5108420252799988,0.3248472511768341,0.4099186956882477,0.3344433903694153,0.5304191708564758,0.4504342079162597,0.409810870885849,0.436980277299881,0.5329307913780212,0.5545700192451477,0.4345847070217132,0.3300577402114868,0.5368708968162537,0.5873191356658936,0.4439069628715515,0.3025425970554352,0.529744565486908,0.5865485668182373,0.4382995665073395,0.2898887395858764,0.5250066518783569,0.577533483505249,0.4329149723052978,0.2994723618030548,0.4955419600009918,0.563885509967804,0.433206170797348,0.5669418573379517,0.4906802177429199,0.7372514009475708,0.4382091462612152,0.74331134557724,0.4964776635169983,0.875237226486206,0.4550531506538391,0.882046639919281,0.4973048567771911,0.8842331171035767,0.4617932736873626,0.8942273259162903,0.4933226704597473,0.9345492720603944,0.4499954283237457,0.9452046751976012,normal_p_droite
0.450660765171051,0.2305360436439514,0.4573752284049988,0.2174901366233825,0.4620756506919861,0.2173631638288498,0.4667226672172546,0.2175832837820053,0.4437345564365387,0.219102457165718,0.4400065839290619,0.2201480269432068,0.4363502562046051,0.2214526981115341,0.4747440814971924,0.2282308787107467,0.4330337941646576,0.2332179993391037,0.4621098637580871,0.2504197657108307,0.4439364075660705,0.2520785331726074,0.5109859704971313,0.3259744644165039,0.4068142473697662,0.3304337561130523,0.5321221947669983,0.4477571547031402,0.4096642434597015,0.4222207069396972,0.5338966250419617,0.553993821144104,0.4452040195465088,0.3058856427669525,0.5383854508399963,0.5881904363632202,0.4534090161323547,0.2787871360778808,0.5308188199996948,0.588937520980835,0.4484225213527679,0.2714660763740539,0.5271068811416626,0.5790758728981018,0.4464268088340759,0.2795698940753937,0.4952321946620941,0.5658966898918152,0.4309674799442291,0.569901168346405,0.4899102747440338,0.7453864216804504,0.4344969391822815,0.7448978424072266,0.4985040128231048,0.8786974549293518,0.4557256698608398,0.8827049136161804,0.4999608397483825,0.8879030346870422,0.4630018770694732,0.89389568567276,0.4924877285957336,0.9370473027229308,0.4510439932346344,0.9461034536361694,normal_p_droite
0.4513350427150726,0.2305374145507812,0.4584446549415588,0.2174818664789199,0.4633963704109192,0.2173934876918792,0.4680803418159485,0.2177129238843917,0.4446245729923248,0.2191036790609359,0.4405350089073181,0.22019924223423,0.4367480874061584,0.2215840965509414,0.4761222898960113,0.228397861123085,0.4343515038490295,0.233346089720726,0.4632645547389984,0.250260591506958,0.4447514116764068,0.25233855843544,0.5121361017227173,0.3259454369544983,0.4109784066677093,0.3311621844768524,0.5329933762550354,0.4468179643154144,0.4119050502777099,0.4216979742050171,0.537217915058136,0.5533650517463684,0.4453758597373962,0.3001127243041992,0.5428176522254944,0.5872888565063477,0.4518197476863861,0.2721810340881347,0.5347164869308472,0.5878591537475586,0.4467049539089203,0.2650845348834991,0.5300594568252563,0.5773007869720459,0.4457479119300842,0.2751289010047912,0.4951487183570862,0.5656286478042603,0.4320811629295349,0.5690215826034546,0.4893547594547272,0.7449186444282532,0.434580385684967,0.7439884543418884,0.4977843761444092,0.8793736100196838,0.4555470049381256,0.8816831707954407,0.5000518560409546,0.8887060284614563,0.4629473090171814,0.8930579423904419,0.4900984168052673,0.9373749494552612,0.450215995311737,0.944705367088318,normal_p_droite
0.4552896916866302,0.2352399975061416,0.4622658193111419,0.2216173708438873,0.4672878384590149,0.2215676605701446,0.4717567563056946,0.2219260036945343,0.4488281309604645,0.2234299927949905,0.4446690082550049,0.2244290709495544,0.440767228603363,0.2257136851549148,0.4792894423007965,0.2305830419063568,0.438666433095932,0.2359338402748108,0.4668045043945312,0.2537573575973511,0.4495564103126526,0.2565423846244812,0.5157862901687622,0.3268498182296753,0.4175838530063629,0.3302119970321655,0.5340715646743774,0.4473425447940826,0.4164597392082214,0.4183178246021271,0.5390167236328125,0.5547193884849548,0.4498403668403625,0.3018087446689605,0.5439296960830688,0.5880516171455383,0.4568101465702057,0.2722012400627136,0.5360256433486938,0.5875024199485779,0.4526099264621734,0.2658512890338897,0.5316873788833618,0.5778577327728271,0.4514749646186828,0.2756394743919372,0.4984747767448425,0.5640109777450562,0.4378200471401214,0.5662879943847656,0.4886674284934997,0.7462810277938843,0.4376278519630432,0.7415624856948853,0.4949601292610168,0.8798268437385559,0.4558058381080627,0.8802099823951721,0.4968720078468323,0.8911116123199463,0.4627402424812317,0.8925949931144714,0.4893645644187927,0.935474157333374,0.450638860464096,0.9411399364471436,normal_p_droite
0.4556635022163391,0.2346697747707367,0.463036298751831,0.2213469445705413,0.4682057797908783,0.2215063422918319,0.4727499485015869,0.2220851927995681,0.4493406414985657,0.2228005230426788,0.4451555609703064,0.2237221747636795,0.4412804543972015,0.2248981893062591,0.480616956949234,0.2313580363988876,0.4390126168727875,0.2356080859899521,0.4672334790229797,0.2537208497524261,0.449221134185791,0.255943089723587,0.516647219657898,0.3286449611186981,0.409869909286499,0.3336868584156036,0.5355207920074463,0.4468044638633728,0.3930842280387878,0.4128694832324981,0.539030909538269,0.5525825023651123,0.4428261220455169,0.3059753775596618,0.5431357622146606,0.5854084491729736,0.4560539722442627,0.2764461636543274,0.5353449583053589,0.5844072699546814,0.4530878663063049,0.2690374553203583,0.5314342975616455,0.5744361877441406,0.4508593082427978,0.2788945734500885,0.4981512427330017,0.5668858885765076,0.4351004958152771,0.5696163177490234,0.4900406301021576,0.7481564283370972,0.4360620975494385,0.7445898056030273,0.4967786371707916,0.8784462213516235,0.4548824727535248,0.8798947930335999,0.4983192086219787,0.8879867196083069,0.4616206586360931,0.8914684653282166,0.4914578795433044,0.9352765679359436,0.4505217671394348,0.9423463344573976,normal_p_droite
0.4482907652854919,0.2316440790891647,0.4573365151882171,0.2198245823383331,0.4624534249305725,0.2201581746339798,0.4674456119537353,0.2209129780530929,0.4432589411735534,0.2206884920597076,0.4390835165977478,0.2214476019144058,0.4356532692909241,0.2223787009716034,0.474209725856781,0.2336546033620834,0.4328912794589996,0.2346033006906509,0.459198385477066,0.2517328858375549,0.4403277337551117,0.2518941760063171,0.5100339651107788,0.334597498178482,0.3970823884010315,0.3367084264755249,0.5343972444534302,0.452823281288147,0.3713399171829223,0.3895306885242462,0.5344613194465637,0.56105637550354,0.429452896118164,0.3019039928913116,0.5376890897750854,0.5942516326904297,0.4448660910129547,0.2762885689735412,0.5296463966369629,0.5950210690498352,0.4466158747673034,0.2700943350791931,0.5262593626976013,0.5852575302124023,0.4429989457130432,0.2786688506603241,0.4919754564762115,0.5727493762969971,0.4265105724334717,0.5770530700683594,0.4873524606227875,0.7551424503326416,0.4314871430397033,0.750525176525116,0.4983313679695129,0.8791647553443909,0.4526597857475281,0.8789113759994507,0.5002269148826599,0.8873510360717773,0.4598478376865387,0.8878165483474731,0.4914728105068207,0.9376340508461,0.4486745297908783,0.9440760016441344,normal_p_droite
0.4483175873756408,0.2329334616661071,0.4570581316947937,0.2210849821567535,0.4622260630130768,0.2213098555803299,0.4670953154563904,0.2219535857439041,0.4428753852844238,0.2223023921251297,0.4385812282562256,0.2230253219604492,0.4350318908691406,0.2238962650299072,0.4741147458553314,0.2343783527612686,0.4319705367088318,0.2355879843235016,0.4591724872589111,0.2529574036598205,0.4400732517242431,0.2536921799182892,0.5099421739578247,0.3358709216117859,0.3966195583343506,0.3372678756713867,0.5331968069076538,0.4546824693679809,0.3710524141788482,0.3927045166492462,0.5332602262496948,0.5610390305519104,0.4295939803123474,0.3039986193180084,0.5368562936782837,0.5941692590713501,0.4450947344303131,0.2775346040725708,0.5293115377426147,0.5947127938270569,0.4463256001472473,0.2708571851253509,0.5256112813949585,0.5849584937095642,0.4428264498710632,0.280267059803009,0.4908552765846252,0.5732318162918091,0.4250685572624206,0.5770894885063171,0.488694429397583,0.7483682036399841,0.4306403696537018,0.749523937702179,0.5059351325035095,0.8777539134025574,0.4513418674468994,0.8783496022224426,0.5045871138572693,0.8870130777359009,0.4597858488559723,0.8880590796470642,0.5099939703941345,0.9289346933364868,0.4470177292823791,0.94218248128891,normal_p_droite
0.4977286756038666,0.2321048080921173,0.5052196383476257,0.2192320078611374,0.5093659162521362,0.219479039311409,0.5138081312179565,0.2199961096048355,0.4915530085563659,0.219661608338356,0.4866345822811126,0.2201820313930511,0.4822990000247955,0.2210042923688888,0.5215924978256226,0.2306475639343261,0.4770870804786682,0.2324522584676742,0.5073790550231934,0.2518963515758514,0.489959716796875,0.2538323998451233,0.554874062538147,0.3323461711406708,0.4468209147453308,0.3297536969184875,0.5800403356552124,0.4430899322032928,0.4270579814910888,0.4066929221153259,0.5811733603477478,0.5538257360458374,0.4813364148139953,0.3058945536613464,0.5815067887306213,0.5898361802101135,0.4933085441589355,0.2794417440891266,0.5755995512008667,0.5896193981170654,0.4919096529483795,0.2703243494033813,0.5716222524642944,0.5786073803901672,0.489693820476532,0.2783765792846679,0.5329145789146423,0.565809428691864,0.4666655957698822,0.5653116106987,0.5338384509086609,0.7346346378326416,0.4573734402656555,0.7360819578170776,0.5362073183059692,0.8747349977493286,0.4535001814365387,0.8762428760528564,0.5331717729568481,0.8870781660079956,0.4595633447170257,0.8886387348175049,0.5333003401756287,0.9353424906730652,0.4491659700870514,0.937165379524231,normal_p_droite
0.4969387054443359,0.2306600958108902,0.5042787194252014,0.2179233133792877,0.5086376070976257,0.2180927693843841,0.5127195119857788,0.2185312807559967,0.4905854165554046,0.2187117040157318,0.4859269559383392,0.2193080931901931,0.4816522002220154,0.2202849388122558,0.5198512673377991,0.2290930151939392,0.4766298234462738,0.231747105717659,0.5068775415420532,0.249549463391304,0.4892812371253967,0.2509911954402923,0.5525947213172913,0.330156922340393,0.4468770027160644,0.3287709951400757,0.577337384223938,0.4471615850925445,0.4278479218482971,0.4121390283107757,0.5808736085891724,0.5560254454612732,0.477102518081665,0.3078951239585876,0.5817648768424988,0.590878427028656,0.486969381570816,0.2783809900283813,0.5756551027297974,0.5910050272941589,0.4858416616916656,0.2706528007984161,0.5717189311981201,0.5805371999740601,0.4841268658638,0.2795884907245636,0.5321905016899109,0.5655657052993774,0.465392917394638,0.564747154712677,0.5332132577896118,0.7359655499458313,0.455277532339096,0.7383050918579102,0.5356123447418213,0.8741311430931091,0.4529635012149811,0.8761075735092163,0.5328226685523987,0.8875657320022583,0.4590445458889007,0.8892953395843506,0.535082221031189,0.9374974370002748,0.4496910572052002,0.937785029411316,normal_p_droite
0.496624618768692,0.2303022742271423,0.5038894414901733,0.2178529649972915,0.508309543132782,0.2180800437927246,0.5123805999755859,0.2186358720064163,0.4905267655849457,0.2186478972434997,0.4860695004463196,0.2192991226911544,0.4819439947605133,0.2203173190355301,0.5193668603897095,0.2289787828922271,0.4773178696632385,0.2316486090421676,0.5066797137260437,0.248896837234497,0.4896083474159241,0.2503141760826111,0.5521681904792786,0.330199122428894,0.4492777287960052,0.3269954323768616,0.5767539739608765,0.4464211463928222,0.4283071458339691,0.4069297909736633,0.5798060297966003,0.5550586581230164,0.4784239828586578,0.3062569499015808,0.5808276534080505,0.5901116132736206,0.4884779453277588,0.2785001993179321,0.5742499232292175,0.5892823934555054,0.4873771071434021,0.2712068557739258,0.570461630821228,0.5785008072853088,0.4855944514274597,0.279819905757904,0.5307350158691406,0.5619068145751953,0.4653000831604004,0.561674177646637,0.5330251455307007,0.7323974967002869,0.454728364944458,0.7337501645088196,0.5350450277328491,0.8738834857940674,0.4531291425228119,0.8762573003768921,0.5329709053039551,0.88699871301651,0.4589795172214508,0.8894691467285156,0.5336689352989197,0.933562994003296,0.4508306086063385,0.9373772144317628,normal_p_droite
0.5002361536026001,0.2318323701620102,0.5063443183898926,0.2196888327598571,0.5102527737617493,0.2200101763010025,0.5141717195510864,0.2206225544214248,0.4960867762565613,0.2203912585973739,0.4928845465183258,0.2211131602525711,0.4896858334541321,0.2221465408802032,0.5210126638412476,0.2303320914506912,0.4844533801078796,0.2332889288663864,0.5088403224945068,0.250221312046051,0.494619756937027,0.251393586397171,0.5582943558692932,0.3303231000900268,0.4558516442775726,0.327466070652008,0.5839067101478577,0.4437278807163238,0.4240577816963196,0.3987484872341156,0.5829190015792847,0.5559694766998291,0.4781791567802429,0.3033030331134796,0.583328902721405,0.5914148688316345,0.4898255467414856,0.2746124565601349,0.5783530473709106,0.5914069414138794,0.4916139245033264,0.2686576247215271,0.5737022161483765,0.5806048512458801,0.4892364144325256,0.2792805135250091,0.5331719517707825,0.5647894740104675,0.4690477848052978,0.5641815662384033,0.5347648859024048,0.7389869689941406,0.4591021537780761,0.736366331577301,0.532243013381958,0.8820398449897766,0.4577295780181885,0.8831521272659302,0.525359034538269,0.901980757713318,0.4663984179496765,0.8997972011566162,0.5391098260879517,0.9335549473762512,0.4526920318603515,0.9308868646621704,normal_p_droite
0.5028689503669739,0.2389653325080871,0.5074256658554077,0.2271918505430221,0.5104819536209106,0.2278063297271728,0.5137163996696472,0.2286235839128494,0.499105155467987,0.2266469448804855,0.4964927136898041,0.2268179357051849,0.4940126538276672,0.2273406833410263,0.5188676118850708,0.2367258071899414,0.4909400343894958,0.2369871139526367,0.5091128945350647,0.2560478150844574,0.4982134699821472,0.2551247477531433,0.5555689334869385,0.3313016891479492,0.4571651816368103,0.3298878073692322,0.5801838636398315,0.4475643932819366,0.424671471118927,0.4015832245349884,0.581054151058197,0.56098872423172,0.4772230088710785,0.3024441301822662,0.5844475030899048,0.5940130352973938,0.4877790808677673,0.2705603241920471,0.5778858661651611,0.5938040614128113,0.4891416430473327,0.2649088203907013,0.5727766752243042,0.5841179490089417,0.48711958527565,0.2759101688861847,0.526319146156311,0.566145658493042,0.4792521893978119,0.5659383535385132,0.5243349075317383,0.742098867893219,0.4672175943851471,0.7344987392425537,0.517818808555603,0.8881158828735352,0.4708722531795501,0.8889747262001038,0.5071253776550293,0.9148241877555848,0.4817909598350525,0.911152720451355,0.5330365896224976,0.9291449189186096,0.4726524949073791,0.9403099417686462,normal_p_droite
0.5027086734771729,0.2407288700342178,0.5087597966194153,0.2278044372797012,0.5131420493125916,0.2278881520032882,0.517104983329773,0.2280835658311844,0.4968768060207367,0.2286160588264465,0.4925797879695892,0.2293442040681839,0.4883807599544525,0.2302470207214355,0.5243234634399414,0.2355526983737945,0.4854299128055572,0.2381473183631897,0.5123633146286011,0.2584509253501892,0.4967698454856872,0.2602670788764953,0.5598840713500977,0.3309634327888489,0.4595124721527099,0.3298164904117584,0.57591712474823,0.4451214373111725,0.4664124846458435,0.4303827881813049,0.5811325907707214,0.55818772315979,0.4958903193473816,0.3240774869918823,0.5828653573989868,0.5902775526046753,0.4978398382663727,0.2933105528354645,0.57674241065979,0.5897117853164673,0.494805097579956,0.2880300283432007,0.5726576447486877,0.5802174806594849,0.4940598607063293,0.2971013486385345,0.5341350436210632,0.5663554072380066,0.4688060879707336,0.5635289549827576,0.5344605445861816,0.7413271069526672,0.4582591950893402,0.7351623177528381,0.5344744920730591,0.8777511119842529,0.4558965265750885,0.8783608078956604,0.5302277207374573,0.8910854458808899,0.4627173840999603,0.8918335437774658,0.5379607081413269,0.9321736693382264,0.4513581395149231,0.9395960569381714,normal_p_droite
0.5116935968399048,0.2412140220403671,0.5176182389259338,0.2274476885795593,0.5218319892883301,0.2276442646980285,0.525757908821106,0.2280536442995071,0.5037955641746521,0.2282693833112716,0.4989978373050689,0.2291271984577179,0.4945232272148132,0.2302703559398651,0.532471776008606,0.2361360043287277,0.4897859096527099,0.2391699999570846,0.5231282711029053,0.2621168792247772,0.5058759450912476,0.2634644210338592,0.5698909759521484,0.3313135802745819,0.4640024304389953,0.331121951341629,0.5869482755661011,0.444795161485672,0.4810266494750976,0.4291393160820007,0.5928657054901123,0.5642690062522888,0.5146903395652771,0.3239216208457947,0.592001736164093,0.5951063632965088,0.5195680856704712,0.2963131964206695,0.5883058905601501,0.5953375697135925,0.5142068862915039,0.2899202406406402,0.5848383903503418,0.5860427618026733,0.5127890110015869,0.2982161343097687,0.5449344515800476,0.5749807357788086,0.4763988554477691,0.5701782703399658,0.5429128408432007,0.7452459931373596,0.4630904197692871,0.7416433691978455,0.538306713104248,0.8748130202293396,0.4553921222686767,0.8771063685417175,0.5350140333175659,0.8867416977882385,0.4623597264289856,0.8886195421218872,0.5372157692909241,0.932597279548645,0.4494418501853943,0.939755082130432,normal_p_droite
0.3940725922584533,0.2348044961690902,0.4017158150672912,0.2202266603708267,0.4063382744789123,0.2199985086917877,0.4109308123588562,0.22015081346035,0.3877563774585724,0.2220670729875564,0.3838404417037964,0.2227016389369964,0.3806149363517761,0.2231768071651458,0.4179047048091888,0.2293379455804824,0.3763008713722229,0.2326068431138992,0.4050652086734772,0.251882404088974,0.3862890601158142,0.25235715508461,0.4543265402317047,0.3256128132343292,0.3464697301387787,0.3228537142276764,0.466824859380722,0.4531084299087524,0.3480086028575897,0.4318047761917114,0.4706086218357086,0.559299647808075,0.3817787766456604,0.3268217742443084,0.4723612368106842,0.5976395010948181,0.3914342224597931,0.2988591194152832,0.4661455154418945,0.6005294919013977,0.3893913328647613,0.2884569466114044,0.4627881050109863,0.586949348449707,0.3877866864204407,0.2978371083736419,0.4273020327091217,0.5509612560272217,0.3613178431987762,0.5473397374153137,0.4267760217189789,0.739159345626831,0.3595935702323913,0.7345171570777893,0.4248190820217132,0.8934728503227234,0.352847158908844,0.8961305618286133,0.4209452271461487,0.9054228067398072,0.3577585816383362,0.9106229543685912,0.4127004146575928,0.951024889945984,0.3560729026794433,0.9565035104751588,normal_p_droite
0.3784176707267761,0.2363001257181167,0.3854312598705292,0.2201516777276992,0.3905695378780365,0.2192982584238052,0.3956582546234131,0.218998372554779,0.3741611242294311,0.2233307361602783,0.3706249594688415,0.2243171781301498,0.3663292229175567,0.2254923433065414,0.4056847691535949,0.2284735590219497,0.3628093004226684,0.2349496781826019,0.3905139565467834,0.2529340386390686,0.3739775717258453,0.2546657919883728,0.4436402916908264,0.3237018883228302,0.3385644555091858,0.3256567716598511,0.4592704176902771,0.4566598832607269,0.3199648857116699,0.421905368566513,0.4591826498508453,0.5683720111846924,0.3653712868690491,0.3331831395626068,0.4630387425422668,0.6058255434036255,0.3784934282302856,0.3083708882331848,0.4550620913505554,0.6079519987106323,0.3769649565219879,0.2962469756603241,0.4509240984916687,0.594572901725769,0.3743025660514831,0.3050428628921509,0.4200643897056579,0.548938512802124,0.3572424054145813,0.5495584607124329,0.4229982793331146,0.7403392195701599,0.3597464859485626,0.7365372776985168,0.4216673374176025,0.894517719745636,0.3605075478553772,0.8940746784210205,0.4182665944099426,0.9081929922103882,0.3663726150989532,0.9088573455810548,0.4154344499111175,0.9503037929534912,0.3565993010997772,0.9551011323928832,normal_p_droite
0.4312047064304352,0.2441806346178054,0.4350422322750091,0.2281561642885208,0.4388582110404968,0.2272016406059265,0.4431226253509521,0.2265970259904861,0.4235555529594421,0.2310204058885574,0.4190545678138733,0.2318647652864456,0.4140426516532898,0.2327418625354766,0.4501843452453613,0.2344534248113632,0.4063754677772522,0.2412412315607071,0.4404551088809967,0.259367823600769,0.4258135855197906,0.26192507147789,0.4903333187103271,0.3236480951309204,0.3799025416374206,0.3313636481761932,0.5030176043510437,0.444768875837326,0.3883341550827026,0.4385214447975158,0.5195876359939575,0.5610683560371399,0.4252844452857971,0.3280043005943298,0.5232383012771606,0.5936669111251831,0.4326092600822449,0.2989934086799621,0.5214670896530151,0.5970777869224548,0.4260768890380859,0.2901584506034851,0.5174530744552612,0.5859578847885132,0.4244357943534851,0.2994122207164764,0.4716697335243225,0.5508075952529907,0.4050771594047546,0.5493503212928772,0.4648805260658264,0.7402387857437134,0.3963642120361328,0.7315627932548523,0.452477216720581,0.888816237449646,0.3767066299915313,0.8948211073875427,0.4441927969455719,0.909443974494934,0.3810204863548279,0.9130402207374572,0.4416300356388092,0.9511873126029968,0.36892169713974,0.9578773379325868,normal_p_droite
0.4279919564723968,0.2432599365711212,0.4339751601219177,0.2277358174324035,0.4381905198097229,0.2270633280277252,0.4424530863761902,0.2267305105924606,0.4204832017421722,0.2299070358276367,0.4163302481174469,0.2304698377847671,0.4129231870174408,0.2312435805797577,0.4485931992530823,0.2340796291828155,0.4078004956245422,0.2402375638484954,0.4380377829074859,0.2581662833690643,0.4196647703647613,0.2599733769893646,0.4855640530586242,0.3256515860557556,0.3775060772895813,0.332091361284256,0.5050778388977051,0.4502447545528412,0.388685017824173,0.4363962709903717,0.5162197351455688,0.5560241937637329,0.4222097396850586,0.330136090517044,0.520494818687439,0.5917224287986755,0.4304360449314117,0.301578164100647,0.5160733461380005,0.5947836637496948,0.4232816100120544,0.2922766506671905,0.511560320854187,0.5830066800117493,0.4222068190574646,0.3018124997615814,0.4650990068912506,0.5518816709518433,0.3979210257530212,0.550639271736145,0.4641547799110412,0.7409455180168152,0.3871451020240783,0.7324287295341492,0.4526398777961731,0.8967291116714478,0.3693179190158844,0.8970105648040771,0.4455956816673279,0.912920355796814,0.3715768456459045,0.9122145175933838,0.4410096704959869,0.9555993676185608,0.3603654205799103,0.9584349393844604,normal_p_droite
0.3856546580791473,0.2428498268127441,0.3924460709095001,0.2261040359735489,0.3971027731895447,0.2255299985408783,0.4013497829437256,0.2249835133552551,0.3790332973003387,0.2284964919090271,0.3753485381603241,0.2294613569974899,0.3712550103664398,0.2305121719837188,0.4094715118408203,0.2322552800178527,0.3667804002761841,0.2387556880712509,0.3968125879764557,0.2583329081535339,0.3791124820709228,0.2600463032722473,0.4488855302333832,0.3244119584560394,0.3397465348243713,0.3196709454059601,0.4636041224002838,0.4524224698543548,0.3303131461143493,0.4174162149429321,0.4702699184417724,0.5608494877815247,0.3708488345146179,0.3323454856872558,0.4736098349094391,0.5981305837631226,0.3831200003623962,0.3057096600532532,0.4683638513088226,0.6013669967651367,0.3819872736930847,0.2939966917037964,0.4643290042877197,0.5876598358154297,0.3799492120742798,0.3018957376480102,0.4266742765903473,0.5458028316497803,0.3590748906135559,0.5487910509109497,0.434744268655777,0.7368406057357788,0.3597422838211059,0.7364037036895752,0.4363827109336853,0.9060177206993104,0.3548153936862945,0.8983317613601685,0.4312273561954498,0.9211559295654296,0.3584870398044586,0.9217694997787476,0.4346681237220764,0.958983302116394,0.3567430377006531,0.9590107798576356,normal_p_droite
0.3766628205776214,0.2433771789073944,0.3830685317516327,0.2260700166225433,0.3881632387638092,0.2251327186822891,0.39280566573143,0.2244127243757248,0.3707613348960876,0.2293871939182281,0.3671163916587829,0.2304197996854782,0.3630756735801697,0.2315367311239242,0.4020185470581054,0.2320391535758972,0.3600886464118957,0.2389035522937774,0.3888570368289947,0.2584128379821777,0.3717333674430847,0.2609592378139496,0.4433581829071045,0.3253254890441894,0.3348774313926697,0.3207525312900543,0.4583001136779785,0.4539186060428619,0.3348023295402527,0.4298266172409057,0.4628754258155823,0.5637785792350769,0.3710511028766632,0.3291166126728058,0.4670976102352142,0.6021661758422852,0.3809829354286194,0.3027363419532776,0.4617760181427002,0.6053674817085266,0.3778952956199646,0.2917835414409637,0.4574350416660309,0.5915895104408264,0.3758470416069031,0.2999716103076935,0.4198901653289795,0.5529716610908508,0.3538653254508972,0.5542485117912292,0.427185446023941,0.7473000288009644,0.3576977849006653,0.7384141087532043,0.4343883097171783,0.899592399597168,0.3599943816661834,0.8978497982025146,0.4298516809940338,0.9109601378440856,0.3650802075862884,0.9116464853286744,0.4366486668586731,0.9487590193748474,0.3583112359046936,0.9578887820243835,normal_p_droite
0.3950019478797912,0.244676873087883,0.3996295928955078,0.2290184497833252,0.4033693373203277,0.2284087985754013,0.4061583578586578,0.2280094474554062,0.3873399496078491,0.2307158261537552,0.3826343417167663,0.2312471568584442,0.3780350685119629,0.2318908870220184,0.4106562733650207,0.2352175712585449,0.3701256811618805,0.2399682104587555,0.4035282135009765,0.2598607838153839,0.3872078061103821,0.2624008059501648,0.4480665624141693,0.3231807053089142,0.3413493931293487,0.3231999278068542,0.4613234996795654,0.4468620717525482,0.3187671601772308,0.4142563939094543,0.4718847870826721,0.5564829111099243,0.371153324842453,0.3319448828697204,0.475346565246582,0.5949477553367615,0.3848452866077423,0.3051371574401855,0.4704483151435852,0.5988103747367859,0.3839985728263855,0.2939837574958801,0.4658618867397308,0.5857964754104614,0.3818454146385193,0.3024839460849762,0.4294119775295257,0.5473111867904663,0.3629589378833771,0.5508625507354736,0.4354304671287536,0.7376565337181091,0.3623356521129608,0.7339853048324585,0.4416471421718597,0.8990911841392517,0.3596133291721344,0.8959665298461914,0.438110202550888,0.9133741855621338,0.3649243414402008,0.9116911292076112,0.4398187696933746,0.9514596462249756,0.3577941358089447,0.9560665488243104,normal_p_droite
0.4409369528293609,0.2455024719238281,0.4457381665706634,0.2312335968017578,0.449075311422348,0.2310598492622375,0.4525673985481262,0.2311094254255294,0.434769868850708,0.2319256514310836,0.430180549621582,0.2320214360952377,0.4253902435302734,0.232324793934822,0.4581555426120758,0.2385454028844833,0.4162630140781402,0.2408640086650848,0.4487501084804535,0.2612709403038025,0.4344923496246338,0.2621981799602508,0.4934191107749939,0.3237620890140533,0.3824557662010193,0.3307484090328216,0.5126960873603821,0.4383216798305511,0.3936336040496826,0.4344395995140075,0.539005696773529,0.5490217208862305,0.4342789649963379,0.3307817578315735,0.5498020648956299,0.5821664929389954,0.4416852593421936,0.3041577041149139,0.5475330948829651,0.5849812626838684,0.4364362359046936,0.2956723868846893,0.5419569611549377,0.5743592381477356,0.4344190061092376,0.3041673302650451,0.4767728745937347,0.5535500049591064,0.4108316004276275,0.5530680418014526,0.4729429185390472,0.7386478781700134,0.3965360522270202,0.7329244017601013,0.4656803607940674,0.8856193423271179,0.3690164983272552,0.8947350978851318,0.4599409103393554,0.9055663347244264,0.3736350834369659,0.9123342037200928,0.4555891454219818,0.9477922916412354,0.3566136658191681,0.9569785594940186,normal_p_droite
0.410633385181427,0.2461947053670883,0.4162188470363617,0.2287747859954834,0.420663833618164,0.2275472730398178,0.4253942370414734,0.2264638841152191,0.4049131274223327,0.2318973541259765,0.4016828536987304,0.2327085882425308,0.3976209461688995,0.2337618470191955,0.4365273416042328,0.233670100569725,0.3943971991539001,0.2424566149711609,0.4207935929298401,0.2616068422794342,0.4058762192726135,0.264345645904541,0.4775882363319397,0.3240672647953033,0.3698973953723907,0.3252451121807098,0.4931923449039459,0.4516795873641968,0.3545694053173065,0.4234908819198608,0.5026594400405884,0.5600376129150391,0.400442361831665,0.3243243098258972,0.5045987367630005,0.5959540605545044,0.4109339714050293,0.2971543669700622,0.4999569356441498,0.5989845395088196,0.4088116586208343,0.2874638736248016,0.4954683780670166,0.5871685743331909,0.4061306416988373,0.2959436476230621,0.4537851214408874,0.5541134476661682,0.3865490555763244,0.5510166883468628,0.4603521227836609,0.7402183413505554,0.3843459784984588,0.7358576059341431,0.4619163870811462,0.8945859670639038,0.3735048174858093,0.8966056108474731,0.4591154456138611,0.9076042771339417,0.3757863640785217,0.9098111391067504,0.4514068961143493,0.950381636619568,0.3709111511707306,0.9574822783470154,normal_p_droite
0.38436359167099,0.2493110597133636,0.3908766806125641,0.2321690917015075,0.3953902125358581,0.2308173775672912,0.4001820981502533,0.229869470000267,0.3803490698337555,0.2356807291507721,0.3770018815994262,0.2365119755268097,0.3737902343273163,0.2374001443386078,0.412523090839386,0.2369618862867355,0.3739305734634399,0.2431205958127975,0.3953108489513397,0.2636116743087768,0.3809963762760162,0.2668048739433288,0.4559423327445984,0.3259369432926178,0.3485603630542755,0.3273263871669769,0.4663894176483154,0.4534640312194824,0.3497668802738189,0.4332556426525116,0.4808709621429443,0.5634029507637024,0.3799160122871399,0.3236088156700134,0.4848604798316955,0.59869384765625,0.3876568377017975,0.2969416081905365,0.4819288849830627,0.6026802659034729,0.3846983611583709,0.2867890894412994,0.4767065942287445,0.5907202959060669,0.383314847946167,0.2947953939437866,0.4350624680519104,0.5570029616355896,0.3678881525993347,0.5582917332649231,0.4453025758266449,0.7450152635574341,0.368809163570404,0.7420269846916199,0.4497779309749603,0.9002326726913452,0.3690305352210998,0.899672269821167,0.4447312951087951,0.9133679866790771,0.3748838305473327,0.9125522375106812,0.4534970223903656,0.9486176371574402,0.3701417446136474,0.95847487449646,normal_p_droite
0.3982046246528625,0.2440584301948547,0.4048531055450439,0.2283418327569961,0.409609317779541,0.2275814712047577,0.4141484797000885,0.2269327938556671,0.3916962742805481,0.2305670529603958,0.3876901268959045,0.2311761379241943,0.3843421041965484,0.2317545711994171,0.4216276109218597,0.2350346744060516,0.3820410072803497,0.2404751032590866,0.4101742208003998,0.2612572610378265,0.3921954035758972,0.2635311484336853,0.4651514589786529,0.3264619410037994,0.3600848317146301,0.3295640349388122,0.474982738494873,0.4530627131462097,0.3554370701313019,0.4329630434513092,0.4849886894226074,0.5593637228012085,0.3855576515197754,0.3228088915348053,0.4882115721702575,0.5971391797065735,0.392561137676239,0.2946808934211731,0.485410213470459,0.6013602018356323,0.3899474740028381,0.2845675349235534,0.4811318814754486,0.5877584218978882,0.3891720473766327,0.2938098311424255,0.4426854252815246,0.5493814945220947,0.3768222033977508,0.5501148104667664,0.4482354521751404,0.7351061105728149,0.3748959302902221,0.7301133275032043,0.4521978795528412,0.8960258960723877,0.3714942634105682,0.8948737978935242,0.4477260708808899,0.9080023169517516,0.3752126693725586,0.91199791431427,0.4504175186157226,0.9506276845932008,0.3725143671035766,0.955980122089386,normal_p_droite
0.5561532378196716,0.132721722126007,0.5645911693572998,0.1187316328287124,0.569924533367157,0.1193523034453392,0.5754960775375366,0.1201832741498947,0.5511048436164856,0.1186360791325569,0.5474755764007568,0.1188325732946395,0.5437265634536743,0.1189887747168541,0.5847874879837036,0.1305528432130813,0.5408899784088135,0.1285770535469055,0.5662816166877747,0.1511274725198745,0.5491040349006653,0.1498593538999557,0.6240072250366211,0.2414382398128509,0.5094703435897827,0.2330252975225448,0.6362247467041016,0.3708707988262176,0.4891778528690338,0.3496136963367462,0.6499170064926147,0.4893215298652649,0.5344845056533813,0.2647742927074432,0.6543835401535034,0.5194196701049805,0.5442569851875305,0.2438075840473175,0.6503170132637024,0.5192201733589172,0.541989803314209,0.2306196838617324,0.6466115713119507,0.5124856233596802,0.5415423512458801,0.2380430549383163,0.5969945192337036,0.4874366521835327,0.5329480767250061,0.4749380052089691,0.5858190059661865,0.6870269775390625,0.5301092863082886,0.6764811873435974,0.5771718621253967,0.8641459345817566,0.524779200553894,0.8619347214698792,0.5702468156814575,0.8815189003944397,0.528295636177063,0.8757777810096741,0.5824989080429077,0.914816915988922,0.5358434319496155,0.9158923625946044,normal_p_droite
0.5575467348098755,0.1327090412378311,0.5658543705940247,0.118611179292202,0.5711864233016968,0.1191228553652763,0.5763524770736694,0.1198370978236198,0.5513924956321716,0.1192605644464492,0.5468448400497437,0.1198567897081375,0.5430102944374084,0.1203070431947708,0.584441065788269,0.1301528066396713,0.5390834808349609,0.1293869763612747,0.5690594911575317,0.1518669128417968,0.5494505167007446,0.1511967480182647,0.6199309229850769,0.237494483590126,0.5084006190299988,0.2334398329257965,0.6349812746047974,0.3618673682212829,0.4885495603084564,0.3474377393722534,0.6498567461967468,0.4770449995994568,0.546276330947876,0.2576205134391784,0.6554924845695496,0.5105299353599548,0.5603681206703186,0.238092690706253,0.6508082151412964,0.5117644667625427,0.55935138463974,0.2173166871070861,0.6449352502822876,0.496050477027893,0.5557736754417419,0.2281606048345565,0.5978325009346008,0.4881826341152191,0.536514401435852,0.4794665575027466,0.5914684534072876,0.6885725259780884,0.535150945186615,0.6816450953483582,0.5820218324661255,0.8634688258171082,0.5261787176132202,0.8630819916725159,0.5756386518478394,0.8792145252227783,0.5287120342254639,0.879043698310852,0.5880920886993408,0.9157493710517884,0.5408485531806946,0.9217090010643004,normal_p_droite
0.539971113204956,0.1375027745962143,0.5477191209793091,0.1196803972125053,0.5529929399490356,0.1195782572031021,0.5588654279708862,0.1196122094988823,0.5362534523010254,0.1203431189060211,0.5328764319419861,0.1206630915403366,0.5292588472366333,0.1211476400494575,0.574919581413269,0.127635657787323,0.5344110727310181,0.1310959011316299,0.5519887804985046,0.1556741297245025,0.5369575023651123,0.156090497970581,0.623930811882019,0.2309753149747848,0.5122076869010925,0.2338057309389114,0.6372123956680298,0.3668721616268158,0.4807062149047851,0.353887528181076,0.6509350538253784,0.499990314245224,0.5109176635742188,0.2755621373653412,0.6563491821289062,0.533646821975708,0.5228301286697388,0.257140576839447,0.6478248834609985,0.5329851508140564,0.5214117765426636,0.234548732638359,0.6429802179336548,0.5199959874153137,0.5181505084037781,0.2473361641168594,0.5942497253417969,0.4888176918029785,0.5337392091751099,0.4807358980178833,0.5779291987419128,0.6754610538482666,0.5283108949661255,0.666269838809967,0.5712993741035461,0.8533717393875122,0.5330492854118347,0.8420083522796631,0.5661200881004333,0.8733442425727844,0.5397861003875732,0.8623116612434387,0.572187602519989,0.9075443744659424,0.529941976070404,0.9038718938827516,normal_p_droite
0.551190972328186,0.1346309185028076,0.559121310710907,0.1182799339294433,0.5645988583564758,0.1183793246746063,0.5697668194770813,0.118691012263298,0.5439744591712952,0.1188121810555458,0.5393595099449158,0.1191724389791488,0.5352997183799744,0.1196347922086715,0.5761736631393433,0.1273868829011917,0.5296320915222168,0.1282349228858947,0.5627217292785645,0.1536011099815368,0.5429987907409668,0.153205394744873,0.6174483299255371,0.2286589741706848,0.5011633634567261,0.2288354188203811,0.6312902569770813,0.3531185984611511,0.48572438955307,0.3488733470439911,0.6484400629997253,0.4727687537670135,0.5377761125564575,0.2494203150272369,0.6515868902206421,0.5022767186164856,0.5524060726165771,0.2262395918369293,0.6492652297019958,0.5169199705123901,0.5479367971420288,0.211501270532608,0.6412062048912048,0.494512528181076,0.5466113686561584,0.2213976085186004,0.5940223336219788,0.4811132848262787,0.5301847457885742,0.470845103263855,0.5818595886230469,0.6745654344558716,0.529991865158081,0.6701232194900513,0.5806019306182861,0.8503523468971252,0.528952419757843,0.8510160446166992,0.5743476152420044,0.8710642457008362,0.5342921018600464,0.8683626651763916,0.5828555822372437,0.905933439731598,0.5373151302337646,0.9096969366073608,normal_p_droite
0.5660679936408997,0.1417823582887649,0.5731873512268066,0.1237109377980232,0.5770003795623779,0.1239012852311134,0.5812904834747314,0.1243267953395843,0.560702383518219,0.1225175112485885,0.5557411909103394,0.1218473389744758,0.5511391162872314,0.1214127838611602,0.5855351686477661,0.1334240883588791,0.5397733449935913,0.1278973072767257,0.5733222365379333,0.1606740802526474,0.556954562664032,0.1589376032352447,0.615327000617981,0.2349590212106704,0.4972540438175201,0.2296150624752044,0.6294494271278381,0.3622801601886749,0.5121603608131409,0.3516551256179809,0.6392751336097717,0.4738055169582367,0.5485799312591553,0.2382604479789734,0.6402087807655334,0.5032315850257874,0.5554447174072266,0.2085855305194854,0.6363332867622375,0.5064859986305237,0.5474735498428345,0.1968044638633728,0.6321859955787659,0.4926290214061737,0.5472685098648071,0.2055088132619857,0.5898000597953796,0.4965621531009674,0.5245846509933472,0.4882642328739166,0.5804977416992188,0.6893835663795471,0.5217800140380859,0.6820296049118042,0.5717174410820007,0.8606950640678406,0.5166765451431274,0.8588019013404846,0.5604495406150818,0.8815616965293884,0.5143826007843018,0.8778648376464844,0.5823773741722107,0.9152167439460754,0.5357018709182739,0.9128400087356568,normal_p_droite
0.5724045634269714,0.1407897770404815,0.5788235664367676,0.1228874772787094,0.5827785134315491,0.1230974942445755,0.5864260792732239,0.1237334832549095,0.5671252608299255,0.1220144852995872,0.5619891881942749,0.1214188188314437,0.5568148493766785,0.1209865137934684,0.5890176296234131,0.1330815106630325,0.5440725684165955,0.1270236223936081,0.5786490440368652,0.160498633980751,0.5642525553703308,0.1585894674062729,0.6173793077468872,0.2346804738044738,0.4981404840946197,0.2303058803081512,0.6296085119247437,0.3557156026363373,0.5156247019767761,0.3454143106937408,0.6342719197273254,0.4717555344104767,0.5535856485366821,0.2362240999937057,0.637567937374115,0.5010634660720825,0.5536600947380066,0.2056387960910797,0.6378358006477356,0.505842387676239,0.5558941960334778,0.189241886138916,0.63020920753479,0.4898599982261657,0.549395740032196,0.2018348425626754,0.5935618877410889,0.4989954829216003,0.5286377668380737,0.4919919669628143,0.585599422454834,0.6915643215179443,0.5315552353858948,0.6904808878898621,0.5759607553482056,0.8700092434883118,0.5275160074234009,0.8644239902496338,0.57010418176651,0.8882921934127808,0.5290893316268921,0.88353031873703,0.5882910490036011,0.9189778566360474,0.5423706769943237,0.91852068901062,normal_p_droite
0.5316491723060608,0.1384358555078506,0.5396540760993958,0.1193722710013389,0.5462287068367004,0.1188721284270286,0.5527623891830444,0.1183899641036987,0.5257045030593872,0.1209487169981002,0.5217437148094177,0.1216521933674812,0.5175566673278809,0.1225124597549438,0.5668145418167114,0.1256458610296249,0.51984703540802,0.1325709521770477,0.5454744100570679,0.1570644378662109,0.5271210074424744,0.1586451977491378,0.6151981353759766,0.2239892184734344,0.5019614696502686,0.2357244193553924,0.6303620934486389,0.3600095808506012,0.4795128405094147,0.3704209923744201,0.6488550901412964,0.490104079246521,0.5029469132423401,0.2898688316345215,0.6529242396354675,0.5202439427375793,0.5119807124137878,0.2613983154296875,0.6451889276504517,0.5272029638290405,0.510047435760498,0.2405566722154617,0.6391627788543701,0.509407103061676,0.5103216171264648,0.2493720650672912,0.5934104323387146,0.4860652387142181,0.5309050679206848,0.4782566130161285,0.5858429074287415,0.6809942722320557,0.5273379683494568,0.674981415271759,0.5793718099594116,0.8540397882461548,0.5316818356513977,0.8525030016899109,0.5741299390792847,0.8712509870529175,0.537641167640686,0.8646789789199829,0.5818732976913452,0.9082488417625428,0.538873553276062,0.9093096852302552,normal_p_droite
0.4753933548927307,0.1071846708655357,0.4839285910129547,0.0925832092761993,0.4890175461769104,0.0932161957025528,0.492741048336029,0.0938910469412803,0.4688655734062195,0.0921854674816131,0.464414119720459,0.0923372209072113,0.4598556160926819,0.0925745069980621,0.4996657967567444,0.1025542914867401,0.4555295407772064,0.1004957780241966,0.4862856268882751,0.1261903345584869,0.4674597680568695,0.1250783503055572,0.5364413857460022,0.2146628051996231,0.418905645608902,0.2092491835355758,0.5496028065681458,0.350033164024353,0.4329167008399963,0.3115213811397552,0.5528818964958191,0.4656658172607422,0.4803304672241211,0.1974120885133743,0.5539688467979431,0.5026783347129822,0.4885731637477875,0.1726695001125335,0.5439469218254089,0.5002550482749939,0.4836089015007019,0.1617070585489273,0.5403352975845337,0.4895088076591491,0.4813072681427002,0.1693591326475143,0.5062040686607361,0.4663646817207336,0.438720554113388,0.4692439436912536,0.5091882944107056,0.6454064846038818,0.4367806315422058,0.6450008153915405,0.508324384689331,0.8026654720306396,0.4362856745719909,0.7993689775466919,0.496490865945816,0.8244924545288086,0.4453697800636291,0.818669319152832,0.5347543358802795,0.8599604368209839,0.4091123938560486,0.8571268916130066,normal_p_droite
0.4746798574924469,0.1069912165403366,0.4833574295043945,0.0922149419784545,0.4886385798454284,0.0929550379514694,0.4924321174621582,0.0937176719307899,0.4681671559810638,0.0917267352342605,0.4635791778564453,0.09184380620718,0.458817183971405,0.0920604988932609,0.4992643296718597,0.102663442492485,0.4546429514884949,0.1003148481249809,0.4856207966804504,0.1269183456897735,0.4664197564125061,0.1255659312009811,0.536139965057373,0.2143002301454544,0.4183171391487121,0.2094263583421707,0.5499973297119141,0.3491328060626983,0.4320330023765564,0.3118743300437927,0.5528360605239868,0.4654574692249298,0.4794488847255707,0.1989305913448333,0.55393385887146,0.5026068091392517,0.4881089329719543,0.1748717874288559,0.5441592335700989,0.5001975893974304,0.4836832880973816,0.1632690727710724,0.5405203700065613,0.4895985424518585,0.4812158644199371,0.1709782779216766,0.5064612627029419,0.4650100171566009,0.4387997090816498,0.4671448469161987,0.5097606182098389,0.6426692605018616,0.4370413422584533,0.6429798603057861,0.5081726312637329,0.8019959330558777,0.4357724189758301,0.7993236780166626,0.4962648451328277,0.8239535689353943,0.4451310634613037,0.8185039162635803,0.5338404178619385,0.8592090606689453,0.408917486667633,0.8571812510490417,normal_p_droite
0.4740796983242035,0.107240505516529,0.483087956905365,0.0922489240765571,0.4884659647941589,0.0929913520812988,0.4922728538513183,0.0938012972474098,0.4677109122276306,0.0918097496032714,0.4630948007106781,0.091972678899765,0.4583548605442047,0.0922841578722,0.4991773962974548,0.1030521392822265,0.4544975161552429,0.1008180305361747,0.4853121340274811,0.1275330334901809,0.4658330976963043,0.1260800510644912,0.5360994338989258,0.2142303586006164,0.4183621406555176,0.209235206246376,0.5499821305274963,0.348399817943573,0.4317668378353119,0.3112539947032928,0.5516247153282166,0.4651993811130523,0.4795448780059814,0.1990543901920318,0.5526152849197388,0.5027284622192383,0.4885140359401703,0.1755591481924057,0.5429235696792603,0.5002519488334656,0.4841837882995605,0.16376593708992,0.5394281148910522,0.4894205629825592,0.4815621376037597,0.1714062690734863,0.5061591267585754,0.4644179940223694,0.4382550716400146,0.4666406512260437,0.5096087455749512,0.6423551440238953,0.4372239112854004,0.6415594220161438,0.5083934664726257,0.8013151288032532,0.4362133145332336,0.7989129424095154,0.4962446689605713,0.8234265446662903,0.4457488059997558,0.8182986974716187,0.5334809422492981,0.8590676784515381,0.4089290499687195,0.8564653992652893,normal_p_droite
0.473959743976593,0.1070358753204345,0.4823540151119232,0.0921766087412834,0.4877288341522217,0.0928628370165824,0.4916841983795166,0.0936411917209625,0.4673647284507751,0.0916970148682594,0.4627300202846527,0.0918151587247848,0.457909345626831,0.0921603292226791,0.4979549944400787,0.102725937962532,0.45345538854599,0.1007210537791252,0.4849522113800049,0.1273535788059234,0.465287446975708,0.12642203271389,0.5353038907051086,0.2138224691152572,0.4171463847160339,0.2103680670261383,0.5492890477180481,0.3483515381813049,0.4313874244689941,0.3120048344135284,0.5519183874130249,0.4652107357978821,0.4764133393764496,0.1959827840328216,0.5529218316078186,0.5022693276405334,0.4826156497001648,0.1705678850412368,0.5434449911117554,0.4999925494194031,0.4772700667381286,0.1596101373434066,0.5399571657180786,0.4894074499607086,0.4762205481529236,0.1679618507623672,0.5066934823989868,0.4645721316337585,0.4383890032768249,0.4668733775615692,0.5097333788871765,0.6429377198219299,0.4373636245727539,0.6419092416763306,0.5081048607826233,0.801963210105896,0.4359900951385498,0.7988207340240479,0.4958864152431488,0.8235118985176086,0.4456491470336914,0.8182976245880127,0.5337585806846619,0.8591448664665222,0.4088980555534363,0.8560662865638733,normal_p_droite
0.4708318710327148,0.1080049574375152,0.4784637987613678,0.0926029980182647,0.4836659431457519,0.093181699514389,0.4881353378295898,0.0939392745494842,0.4633360505104065,0.0921597704291343,0.4582759439945221,0.0923447608947753,0.453676700592041,0.0927270352840423,0.4935954213142395,0.1025018244981765,0.4492052495479584,0.1011391729116439,0.4821210503578186,0.1281401813030243,0.4621416926383972,0.1275826096534729,0.5318682789802551,0.2122257798910141,0.4144497513771057,0.2102289199829101,0.5487512946128845,0.3439342379570007,0.4323087334632873,0.303597092628479,0.5537593960762024,0.4617263972759247,0.4748653471469879,0.1879086792469024,0.5551287531852722,0.4994255304336548,0.481635183095932,0.1606049537658691,0.5462373495101929,0.4974471628665924,0.4773719906806946,0.1522655636072158,0.5423011183738708,0.4869217872619629,0.4755848050117492,0.1606139987707138,0.5075418949127197,0.4645521938800812,0.4391878247261047,0.467828631401062,0.5106506943702698,0.6422811150550842,0.4378400444984436,0.6437233686447144,0.5083103775978088,0.8019302487373352,0.4359110295772552,0.7986838817596436,0.4959194660186767,0.8236808776855469,0.445744514465332,0.8178092241287231,0.5336636304855347,0.8586826324462891,0.409332126379013,0.8545389175415039,normal_p_droite
0.4689174294471741,0.1066252663731575,0.4771775305271148,0.0915484577417373,0.4825102388858795,0.0920505002140998,0.4867535233497619,0.0927022621035575,0.4617826342582702,0.0914873033761978,0.4569540023803711,0.0915942564606666,0.4523687362670898,0.0919121652841568,0.4929917454719543,0.1009650528430938,0.4482975006103515,0.1001136153936386,0.48077392578125,0.1259524524211883,0.4609733521938324,0.1257792264223098,0.5320193767547607,0.2121819108724594,0.4139161705970764,0.2083153277635574,0.5487407445907593,0.3449244797229767,0.4318479001522064,0.2942658960819244,0.5538679361343384,0.4617714285850525,0.4742852747440338,0.1813039779663086,0.5549198389053345,0.4989215135574341,0.4805896878242492,0.1502310782670974,0.5456594228744507,0.4967473745346069,0.4772318005561828,0.1421865373849868,0.5419275164604187,0.4863888025283813,0.4755499958992004,0.1526919901371002,0.5076555013656616,0.4639756381511688,0.4393708705902099,0.4670807123184204,0.5109531879425049,0.6421348452568054,0.437964528799057,0.6465533971786499,0.5082535147666931,0.8020662069320679,0.4361439645290375,0.7984772324562073,0.4960601329803467,0.8235530853271484,0.4464109539985657,0.8173288702964783,0.5328525304794312,0.8585208058357239,0.4099699556827545,0.8548071980476379,normal_p_droite
0.4710335731506347,0.1091677024960517,0.4796991944313049,0.0925700739026069,0.4842621684074402,0.0930578485131263,0.4879678189754486,0.0937431901693344,0.4637161791324615,0.0923521369695663,0.4588906168937683,0.0925240740180015,0.4543729722499847,0.093022733926773,0.4956645965576172,0.1026283577084541,0.450087159872055,0.1009360030293464,0.48250213265419,0.1290070861577987,0.4628083109855652,0.1285582035779953,0.5347661972045898,0.2129727154970169,0.4171822667121887,0.2084356397390365,0.549984335899353,0.3490879833698272,0.432734340429306,0.3097094893455505,0.5535589456558228,0.4656857252120971,0.4829001426696777,0.2031633406877517,0.554236650466919,0.5009617805480957,0.4900776743888855,0.1795451641082763,0.5441229343414307,0.4985222220420837,0.4852281212806701,0.1666342914104461,0.5408869981765747,0.4882404208183288,0.4828339517116546,0.1739543974399566,0.5075784921646118,0.4656974077224731,0.4394730031490326,0.4682750403881073,0.510917067527771,0.6439042687416077,0.4378926753997803,0.6464135646820068,0.5076520442962646,0.8034259676933289,0.4359718859195709,0.7975504398345947,0.4953870177268982,0.8242334127426147,0.446166843175888,0.8166022896766663,0.5333548784255981,0.8591305017471313,0.4108651280403137,0.8541232943534851,normal_p_droite
0.4768417775630951,0.1065954118967056,0.4847972393035888,0.0913412794470787,0.4880315363407135,0.0918556228280067,0.4923730790615082,0.0925769358873367,0.4706316888332367,0.0908097326755523,0.4649063646793365,0.090931199491024,0.4605048596858978,0.0911536887288093,0.4986490309238434,0.1023556217551231,0.4535714983940124,0.099823959171772,0.4855829775333404,0.1265619844198227,0.4673551619052887,0.1257425397634506,0.5370802879333496,0.2148094177246093,0.4171552062034607,0.2104878574609756,0.5508664846420288,0.3497490882873535,0.4219827651977539,0.3240853548049927,0.5531911849975586,0.4663687646389007,0.4736954569816589,0.2227811366319656,0.553669273853302,0.5020323395729065,0.48508420586586,0.1998171657323837,0.5437098741531372,0.4995564818382263,0.4806557297706604,0.1830000281333923,0.54045569896698,0.4892664551734924,0.4781425893306732,0.192996397614479,0.5077617168426514,0.4681761562824249,0.4396799206733703,0.4700393378734588,0.5105447173118591,0.6433023810386658,0.4380840361118316,0.6456576585769653,0.507266104221344,0.8041735887527466,0.4358649849891662,0.7975771427154541,0.4951390624046325,0.8249063491821289,0.4456865191459656,0.816669225692749,0.5322840809822083,0.8599787354469299,0.4104426801204681,0.8542460203170776,normal_p_droite
0.4763607978820801,0.1070486083626747,0.4848530888557434,0.0914386585354805,0.4883411526679992,0.0919649824500083,0.4925944805145263,0.0926769152283668,0.4700769484043121,0.0909260213375091,0.4646652340888977,0.0910800248384475,0.460462749004364,0.091308370232582,0.4991512894630432,0.1031010970473289,0.4539399743080139,0.0999482572078704,0.4856231808662414,0.1274233758449554,0.4671767652034759,0.1266973912715912,0.5373117327690125,0.2144284546375274,0.4171829223632812,0.2118491232395172,0.5510847568511963,0.3481941819190979,0.4176416397094726,0.325302243232727,0.5533708333969116,0.4644295275211334,0.469389259815216,0.227447897195816,0.5545432567596436,0.5015018582344055,0.480640560388565,0.1986679881811142,0.5451228618621826,0.4986888170242309,0.4764575958251953,0.1845128983259201,0.5416104793548584,0.4878605008125305,0.4742667078971863,0.1946215778589248,0.5080180764198303,0.4689299166202545,0.4398771226406097,0.4713074862957001,0.5109017491340637,0.6444681882858276,0.4379013478755951,0.6461202502250671,0.5071519613265991,0.8053739666938782,0.4358081221580505,0.7983671426773071,0.4949250221252441,0.8260056376457214,0.4459642469882965,0.8179647922515869,0.5329858660697937,0.8598281741142273,0.4104889333248138,0.8552500009536743,normal_p_droite
0.4748993515968323,0.1077740639448165,0.4838809967041015,0.0920464619994163,0.4879677295684814,0.0926028937101364,0.4919133186340332,0.0933275893330574,0.4684979915618896,0.0913446918129921,0.463634729385376,0.0914543196558952,0.4594361186027527,0.0917031243443489,0.4990802705287933,0.1036764904856681,0.4538043439388275,0.100150816142559,0.4853240847587585,0.1281657665967941,0.4661257863044739,0.1272470504045486,0.5371688008308411,0.2142100781202316,0.4173786640167236,0.2107262909412384,0.550999104976654,0.3479087948799133,0.4260392189025879,0.3136278390884399,0.5528870820999146,0.4639547169208526,0.478135347366333,0.2058991491794586,0.5529295206069946,0.501338005065918,0.4862033724784851,0.1802596449851989,0.5438485741615295,0.4984702169895172,0.4821307063102722,0.1686708778142929,0.5407134294509888,0.4877629280090332,0.4801653027534485,0.1763174682855606,0.5080921649932861,0.4691927134990692,0.4398455023765564,0.4714741706848144,0.5111426711082458,0.644499659538269,0.4378784596920013,0.6456211805343628,0.5071154832839966,0.8055532574653625,0.4354991018772125,0.7975042462348938,0.4948961734771728,0.8260981440544128,0.4451526999473572,0.8169242143630981,0.5329347252845764,0.8587430715560913,0.4106469750404358,0.8551620244979858,normal_p_droite
0.4676481187343597,0.1072323396801948,0.4760665893554687,0.0924630314111709,0.4814856052398681,0.0931077301502227,0.4861590266227722,0.0939085930585861,0.4608566761016845,0.0916432812809944,0.4558327198028564,0.0916447341442108,0.4513048231601715,0.09180948138237,0.4915497899055481,0.1025304868817329,0.4476285576820373,0.0993300005793571,0.4790020585060119,0.1271232664585113,0.4585031569004059,0.1255092918872833,0.5279055833816528,0.2143710255622863,0.4126287996768951,0.2077307850122451,0.5449264049530029,0.3476857244968414,0.4252086579799652,0.3068794906139374,0.5475504398345947,0.4618928134441376,0.4719250202178955,0.1963325291872024,0.5479295253753662,0.4991658627986908,0.4792473316192627,0.170230433344841,0.5393884778022766,0.496536910533905,0.4754437804222107,0.1590944677591323,0.5363213419914246,0.4860011339187622,0.473943293094635,0.167432963848114,0.5044049024581909,0.4688287675380707,0.4364015460014343,0.472163051366806,0.5090386271476746,0.6443091630935669,0.4362319409847259,0.6462982892990112,0.5072794556617737,0.8046603798866272,0.4358077049255371,0.7979440093040466,0.4958694577217102,0.8252002596855164,0.4451741576194763,0.8172313570976257,0.5325032472610474,0.8572518229484558,0.41060271859169,0.8553102016448975,normal_p_droite
0.4573973715305328,0.1057808026671409,0.4656219482421875,0.0918140411376953,0.4704643189907074,0.0921858698129654,0.4755560755729675,0.092790812253952,0.450278103351593,0.0917263776063919,0.4452263414859772,0.091896079480648,0.4419553279876709,0.0921783298254013,0.4815665185451507,0.1013291776180267,0.4381158947944641,0.1005847230553627,0.4685425162315368,0.1255729794502258,0.4487078785896301,0.1249054223299026,0.5218538045883179,0.2128079384565353,0.4062668681144714,0.2123195677995681,0.5419275760650635,0.3429908454418182,0.4248670637607574,0.3099092543125152,0.5482938885688782,0.4565119445323944,0.4685102999210357,0.1954911053180694,0.5494487285614014,0.4951106905937195,0.4750053286552429,0.1704834401607513,0.5419125556945801,0.4932273030281067,0.470098078250885,0.1612821966409683,0.5385164022445679,0.4830665290355682,0.4679228663444519,0.1695009768009185,0.5018516182899475,0.4690933525562286,0.4337148070335388,0.4736354947090149,0.5076314806938171,0.6458367109298706,0.4351415038108825,0.6480709910392761,0.5071001648902893,0.8054649829864502,0.4359115958213806,0.7990133762359619,0.4961446821689605,0.8256658911705017,0.4454416334629059,0.8184417486190796,0.533259391784668,0.8585546612739563,0.4103412628173828,0.8550156354904175,normal_p_droite
0.4633328914642334,0.1063856855034828,0.4720926880836487,0.091910608112812,0.4763129353523254,0.0922492742538452,0.4801236987113952,0.092841699719429,0.4566401839256286,0.0919294282793998,0.4516460299491882,0.0921288803219795,0.4473292827606201,0.0924700945615768,0.4882575571537018,0.1014865562319755,0.4423772692680359,0.1004233658313751,0.4742239117622375,0.1258701384067535,0.4552463591098785,0.1255292445421219,0.5265007615089417,0.2134743779897689,0.408076524734497,0.2066241949796676,0.5419080853462219,0.3440543711185455,0.4258669912815094,0.3033609390258789,0.5461309552192688,0.457270473241806,0.4707476496696472,0.1934834420680999,0.5461345911026001,0.4960944056510925,0.478642076253891,0.1665371507406234,0.5384626388549805,0.4938289523124695,0.4751060903072357,0.1571242064237594,0.5353941917419434,0.48333540558815,0.4723551273345947,0.1649431437253952,0.5026001930236816,0.4691235423088074,0.4341687262058258,0.4731082022190094,0.5077746510505676,0.6455004811286926,0.4352315366268158,0.6468349695205688,0.5066241025924683,0.8052512407302856,0.4356967806816101,0.798464834690094,0.4955538213253021,0.8254925012588501,0.4453838765621185,0.818145215511322,0.5329461097717285,0.8589710593223572,0.4108231663703918,0.8541412949562073,normal_p_droite
0.4899678826332092,0.1076662614941597,0.4979593753814697,0.0926674827933311,0.5025799870491028,0.0931351110339164,0.5069471001625061,0.0938369780778884,0.4844982624053955,0.0922609344124794,0.4794744849205017,0.0922440588474273,0.4746108651161194,0.0923265740275383,0.5139569640159607,0.1035666987299919,0.4687783122062683,0.0998073667287826,0.498174250125885,0.1282842755317688,0.4818529188632965,0.1272291392087936,0.5476084351539612,0.2185123115777969,0.4282305836677551,0.2048268020153045,0.5559466481208801,0.3541346192359924,0.439511239528656,0.3012658655643463,0.5563715696334839,0.4701687693595886,0.4895518720149994,0.1993182748556137,0.5559503436088562,0.505686342716217,0.4985376894474029,0.1713306903839111,0.5454647541046143,0.5028872489929199,0.4948457181453705,0.1586926579475402,0.5419790744781494,0.4922069013118744,0.4921792149543762,0.1663358509540558,0.5081163048744202,0.4703733623027801,0.4409928321838379,0.470202773809433,0.5120526552200317,0.6444929838180542,0.4375612139701843,0.6432545781135559,0.5088633298873901,0.8022544384002686,0.4357009828090668,0.7974268198013306,0.4958029389381408,0.8243749737739563,0.4451895356178283,0.8174155950546265,0.5332719087600708,0.8584350943565369,0.410281091928482,0.8544519543647766,normal_p_droite
0.5010002255439758,0.1116772890090942,0.5090650320053101,0.0954198762774467,0.5138183832168579,0.0959837213158607,0.5184787511825562,0.0969656035304069,0.4953409135341644,0.0940717980265617,0.490399032831192,0.0936759635806083,0.4852724969387054,0.0934556201100349,0.5254465341567993,0.1062142476439476,0.4805101454257965,0.0999461188912391,0.5094648003578186,0.131797969341278,0.4931885600090027,0.1304603219032287,0.557533860206604,0.220985472202301,0.4395690560340881,0.2036531716585159,0.5654155611991882,0.3548387885093689,0.4502668380737304,0.2993079721927643,0.566375195980072,0.4725955426692962,0.5020970106124878,0.1958157569169998,0.5651257038116455,0.5080989599227905,0.5120963454246521,0.161817118525505,0.5576699376106262,0.506434440612793,0.5085399150848389,0.1507458388805389,0.5540827512741089,0.4953993856906891,0.50530606508255,0.1609209179878235,0.5169612765312195,0.4695664048194885,0.4503418505191803,0.4677485525608063,0.5160712003707886,0.6454225778579712,0.4431332945823669,0.6427654027938843,0.5091744661331177,0.8012773990631104,0.4363731443881988,0.8006176352500916,0.4957446157932281,0.8241375684738159,0.4457928240299225,0.8210548162460327,0.5367116928100586,0.8605470061302185,0.4081783890724182,0.8581392765045166,normal_p_droite
0.5044132471084595,0.1114003881812095,0.5137625336647034,0.0958283767104148,0.5179915428161621,0.0964582487940788,0.5226414203643799,0.0974677354097366,0.4989098906517029,0.0942532494664192,0.4936560690402984,0.0937608331441879,0.4896313548088074,0.0935468822717666,0.5297867655754089,0.1070200502872467,0.4858406186103821,0.0999560058116912,0.5142871141433716,0.1322143375873565,0.4969165921211242,0.1300693601369857,0.5618113875389099,0.2222385853528976,0.4455366134643554,0.2040513455867767,0.5694622993469238,0.3537273406982422,0.4580617845058441,0.30210742354393,0.5735609531402588,0.4734939634799957,0.5105481743812561,0.1969761848449707,0.5720850229263306,0.5084350109100342,0.5210886597633362,0.167816549539566,0.5661143064498901,0.5063744783401489,0.5171666741371155,0.1562424600124359,0.562512218952179,0.4955397248268127,0.5135959982872009,0.1648702621459961,0.5218295454978943,0.4695710241794586,0.4551044404506683,0.4670464396476745,0.5207715630531311,0.6472451686859131,0.4460067749023437,0.641361653804779,0.5104039311408997,0.8011638522148132,0.4370186328887939,0.8001207709312439,0.4959021508693695,0.8237291574478149,0.4460028707981109,0.8206882476806641,0.5365296602249146,0.8603030443191528,0.4079820513725281,0.8575570583343506,normal_p_droite
0.499098539352417,0.1094017475843429,0.5085458755493164,0.0949253886938095,0.5140387415885925,0.0958575159311294,0.5182483196258545,0.0969301089644432,0.4933899939060211,0.0932626873254776,0.4889203608036041,0.0929057821631431,0.4842328429222107,0.0927002504467964,0.524224579334259,0.1067817136645317,0.4806902408599853,0.1000031232833862,0.5099400281906128,0.13039530813694,0.4903463721275329,0.1272009760141372,0.557840883731842,0.2183957993984222,0.4406384527683258,0.2094299495220184,0.5710831880569458,0.3480340838432312,0.4449455142021179,0.3147106766700744,0.573682427406311,0.4677952527999878,0.4992833733558655,0.2139978557825088,0.5728709101676941,0.5033721923828125,0.5095919966697693,0.1901195645332336,0.565912127494812,0.5004780888557434,0.505476713180542,0.1768758893013,0.5620695352554321,0.4899596273899078,0.5028561353683472,0.1860601305961609,0.5234103798866272,0.4677755534648895,0.4561732411384582,0.4651756584644317,0.5218825340270996,0.646977961063385,0.4473777413368225,0.6418444514274597,0.5106796622276306,0.8024348020553589,0.43678879737854,0.798488438129425,0.4957920610904693,0.8240241408348083,0.4449757933616638,0.8184407949447632,0.5361616611480713,0.8612573146820068,0.4087303578853607,0.8555677533149719,normal_p_droite
0.495374858379364,0.1064509451389312,0.5043512582778931,0.0926658734679222,0.5096839070320129,0.0937190875411033,0.5139647722244263,0.0947866588830947,0.4893701076507568,0.0912834629416465,0.484790176153183,0.0910714045166969,0.4800604283809662,0.0910406336188316,0.5196388363838196,0.1047901138663292,0.4761961102485657,0.0995345115661621,0.5059036016464233,0.1272720545530319,0.4865160584449768,0.1244812384247779,0.5537399053573608,0.2170403897762298,0.436902105808258,0.2125880122184753,0.5699717998504639,0.3474689424037933,0.4383541643619537,0.3221445083618164,0.5717329382896423,0.4651708304882049,0.4881184101104736,0.2279180735349655,0.5729387998580933,0.50173020362854,0.499528169631958,0.2051463574171066,0.5645551681518555,0.4995080530643463,0.4963435530662536,0.1908245831727981,0.5605593323707581,0.4893441200256347,0.4938727021217346,0.2009021639823913,0.5224891901016235,0.4680333733558655,0.4551393985748291,0.4661226570606231,0.5212644934654236,0.6446813941001892,0.4470000863075256,0.6414704918861389,0.5091004967689514,0.8033545017242432,0.4374926090240478,0.7976815104484558,0.4946866929531097,0.8241579532623291,0.4460995197296142,0.8166092038154602,0.535365641117096,0.8602812886238098,0.410161554813385,0.8544378876686096,normal_p_droite
0.493047147989273,0.1092921271920204,0.501450777053833,0.0939658433198928,0.506514847278595,0.0949021726846695,0.510808527469635,0.0959941819310188,0.4866445660591125,0.0926764160394668,0.4818788468837738,0.0926063507795333,0.4771744608879089,0.0927580967545509,0.5156226754188538,0.106512114405632,0.4728487133979797,0.1013823747634887,0.5031753778457642,0.1306322515010833,0.483858972787857,0.1289691030979156,0.549830973148346,0.2160067409276962,0.4341879487037658,0.2152528762817382,0.5681219696998596,0.3468574285507202,0.437196671962738,0.3246562778949737,0.5703164339065552,0.4652828574180603,0.4853638708591461,0.2280737459659576,0.5712200403213501,0.50326007604599,0.4961577355861664,0.2043733298778534,0.5615209341049194,0.5012820959091187,0.4929002225399017,0.1902889162302017,0.5580640435218811,0.4912408590316772,0.4906372129917145,0.1997188925743103,0.5220582485198975,0.4686317145824432,0.4543681740760803,0.4674022495746612,0.5198894143104553,0.6449424624443054,0.4462223947048187,0.6431637406349182,0.5078827738761902,0.8041248321533203,0.4375345706939697,0.797700047492981,0.494731992483139,0.8248009085655212,0.4459250867366791,0.8166586756706238,0.5332624912261963,0.8592601418495178,0.4105111956596374,0.854486882686615,normal_p_droite
0.4855493009090423,0.109635405242443,0.4939514696598053,0.0944028571248054,0.4988027215003967,0.0951857641339302,0.5037934184074402,0.096296951174736,0.4787374436855316,0.0934454947710037,0.4736072421073913,0.0934919789433479,0.4701828062534332,0.0938389599323272,0.5093713998794556,0.1066671833395958,0.4663543701171875,0.1034183353185653,0.4967500567436218,0.1307132989168167,0.4770775735378265,0.1291070580482483,0.5475097894668579,0.2135470360517501,0.4319153428077698,0.217423528432846,0.5682262778282166,0.3422852158546448,0.4421874582767486,0.322823017835617,0.5731064081192017,0.4608346819877624,0.4869606494903564,0.2094767689704895,0.5752246975898743,0.4970025718212127,0.4933597445487976,0.1841585636138916,0.5659930109977722,0.4950589537620544,0.488610029220581,0.1736084967851638,0.5615278482437134,0.4858718812465668,0.4869420528411865,0.181142583489418,0.5220406651496887,0.4686655104160309,0.4540231227874756,0.4684849977493286,0.5194417238235474,0.6453267931938171,0.4464877545833587,0.6445362567901611,0.5074307322502136,0.8049705028533936,0.4373335838317871,0.7985159754753113,0.495365560054779,0.8251878619194031,0.4453718662261963,0.8172200322151184,0.5320962071418762,0.8588383793830872,0.4103523790836334,0.8546556234359741,normal_p_droite
0.4831379354000091,0.1100037395954132,0.4912929534912109,0.0944531932473182,0.4962708353996277,0.0950148999691009,0.5012460947036743,0.0958916023373603,0.4761230945587158,0.0939987674355506,0.4712149202823639,0.0941816419363021,0.4680289328098297,0.0946603119373321,0.5076819658279419,0.1047252938151359,0.4649009108543396,0.1041104272007942,0.4950719773769378,0.1300330460071563,0.4754675328731537,0.1292713433504104,0.5473231673240662,0.2124887257814407,0.43202605843544,0.2138522416353225,0.5668913722038269,0.341539978981018,0.4438316226005554,0.2964126467704773,0.5717094540596008,0.4601002931594848,0.4875523149967193,0.1907186806201934,0.5732825994491577,0.4977025091648102,0.4945704340934753,0.1660411208868026,0.5632489323616028,0.4953359961509704,0.4915531277656555,0.1580088585615158,0.5595293641090393,0.4853987097740173,0.4892217516899109,0.1652359664440155,0.5217686891555786,0.4682992398738861,0.453753650188446,0.4689058363437652,0.5183254480361938,0.6430814862251282,0.446136862039566,0.6435225605964661,0.5070816278457642,0.804699182510376,0.4376181066036224,0.7977332472801208,0.4956732392311096,0.8248656392097473,0.4462210536003113,0.8169594407081604,0.5329445600509644,0.8595701456069946,0.4104156494140625,0.8536509275436401,normal_p_droite
